{"__type__":"cc.SpriteAtlas","_spriteFrames":{"1":{"__uuid__":"8cvLyAF2JG1I2KR05zfD0F"},"2":{"__uuid__":"80DQ2ZubtEDaiK2WSQgv4P"},"10":{"__uuid__":"6fs3mpxvtEb6XxZkD5NuSh"},"11":{"__uuid__":"e3TigcrudH54D/rpf0ong8"},"12":{"__uuid__":"62Dx1WpPlGILG7FCw1JC2h"},"101":{"__uuid__":"e60L0jr5pJqLCKSBMyK2F0"},"110":{"__uuid__":"676snRzEFAboileN3CWEma"},"111":{"__uuid__":"f9hwf1sJxB7bXBx8ttGtgb"},"112":{"__uuid__":"23MMkrPrNHGIBvNjylORk8"},"200":{"__uuid__":"a0r+tEVgpO66q9hxuN6mbc"},"201":{"__uuid__":"07MhC1NWNIc5XpoH4ggjl6"},"202":{"__uuid__":"27vEiu89VDHJCXxsR9O62D"},"203":{"__uuid__":"54Piqn5v1Gk55mvU3yIFg9"},"204":{"__uuid__":"ecAsrEMONMDISC74pmen9V"},"205":{"__uuid__":"d9EoIZ6gtP8rSX2MTA1jJd"},"206":{"__uuid__":"d1Rbu3O91L7aDU6dwVZ7nu"},"210":{"__uuid__":"adshQTH6NI6ZVVe7fzqOgu"},"211":{"__uuid__":"1781RDA0FAqZovOpG6tDb6"},"212":{"__uuid__":"1azqDe6u9FRqRGhA3CYrC/"}}}