[[{"__type__":"cc.SceneAsset","_name":"Game","scene":{"__id__":1},"asyncLoadAssets":null},{"__type__":"cc.Scene","_name":"New Node","_children":[{"__id__":2}],"_anchorPoint":{"__type__":"cc.Vec2"},"_scale":{"__type__":"cc.Vec3","x":0.5112847222222222,"y":0.5112847222222222,"z":1},"autoReleaseAssets":false},{"__type__":"cc.Node","_name":"Canvas","_parent":{"__id__":1},"_children":[{"__id__":3},{"__id__":4},{"__id__":5},{"__id__":6}],"_components":[{"__type__":"cc.Canvas","node":{"__id__":2},"_designResolution":{"__type__":"cc.Size","width":1280,"height":720}},{"__type__":"acddeqGWNVDmrbu/ilG1rqM","node":{"__id__":2},"prefabBox":{"__uuid__":"98dx8JgslD3pLlKhOSPLWR"},"layoutMap":{"__id__":6}}],"_contentSize":{"__type__":"cc.Size","width":1280,"height":720},"_position":{"__type__":"cc.Vec3","x":640,"y":360},"_id":"18y6F9pr5L9JIPc101MRhZ"},{"__type__":"cc.Node","_name":"Main Camera","_parent":{"__id__":2},"_level":1,"_components":[{"__type__":"cc.Camera","node":{"__id__":3},"_clearFlags":7,"_depth":-1}]},{"__type__":"cc.Node","_name":"bg","_parent":{"__id__":2},"_level":1,"_components":[{"__type__":"cc.Sprite","node":{"__id__":4},"_spriteFrame":{"__uuid__":"99I5gHXD1IgZzNM45PWzP7"},"_sizeMode":2}],"_contentSize":{"__type__":"cc.Size","width":1280,"height":721}},{"__type__":"cc.Node","_name":"btn_exit","_parent":{"__id__":2},"_level":1,"_components":[{"__type__":"cc.Sprite","node":{"__id__":5},"_spriteFrame":{"__uuid__":"9ahNRphl1DSJh94TAfrVBG"}},{"__type__":"cc.Button","node":{"__id__":5},"clickEvents":[{"__type__":"cc.ClickEvent","target":{"__id__":5},"_componentId":"cc295X9NdlKZLb8AXk5S8B7","handler":"onClick"},{"__type__":"cc.ClickEvent","target":{"__id__":5},"_componentId":"73471dmMLpCQZi2rLYxt30O","handler":"onClick"}]},{"__type__":"cc295X9NdlKZLb8AXk5S8B7","node":{"__id__":5},"sceneName":"Main"},{"__type__":"73471dmMLpCQZi2rLYxt30O","node":{"__id__":5}}],"_contentSize":{"__type__":"cc.Size","width":220,"height":86},"_position":{"__type__":"cc.Vec3","x":-514,"y":313}},{"__type__":"cc.Node","_name":"Map","_parent":{"__id__":2},"_level":1,"_components":[{"__type__":"cc.Sprite","node":{"__id__":6},"_enabled":false,"_spriteFrame":{"__uuid__":"95hHpJF3xKU52giQq/WUHu"},"_type":2,"_sizeMode":0},{"__type__":"cc.Layout","node":{"__id__":6},"_layoutSize":{"__type__":"cc.Size","width":1200,"height":600}},{"__type__":"cc.Widget","node":{"__id__":6},"_alignFlags":20,"_bottom":20}],"_contentSize":{"__type__":"cc.Size","width":1200,"height":600},"_anchorPoint":{"__type__":"cc.Vec2"},"_position":{"__type__":"cc.Vec3","x":-600,"y":-340}}],{"__type__":"cc.SpriteFrame","content":{"name":"box-line","texture":"dfJafxCrFDaKsxeEbCpoKu","rect":[1,0,48,50],"offset":[0,0],"originalSize":[50,50],"capInsets":[0,0,0,0]}},{"__type__":"cc.SpriteFrame","content":{"name":"game_bg","texture":"catB0QEMtDSau06hRDP0Lj","rect":[0,0,1280,721],"offset":[0,0],"originalSize":[1280,721],"capInsets":[0,0,0,0]}},{"__type__":"cc.SpriteFrame","content":{"name":"btn_exit","texture":"7dsM+7kldN37VqHnRM5hDg","rect":[8,3,220,86],"offset":[1,1],"originalSize":[234,94],"capInsets":[0,0,0,0]}}]