[{"__type__":"cc.SpriteFrame","content":{"name":"btn_reset","texture":"e8o2ych6VMeJviUNHGeWWf","rect":[7,11,257,65],"offset":[0,0],"originalSize":[271,87],"capInsets":[0,0,0,0]}},{"__type__":"cc.SpriteFrame","content":{"name":"main_title_","texture":"b1zA8M0T1A/J+O6quy7Mjj","rect":[26,5,465,238],"offset":[5.5,0.5],"originalSize":[506,249],"capInsets":[0,0,0,0]}},{"__type__":"cc.SpriteFrame","content":{"name":"btn_back_title","texture":"7f/zeK8lJMqb+KRr0HeS4v","rect":[7,16,201,55],"offset":[0,0],"originalSize":[215,87],"capInsets":[0,0,0,0]}},{"__type__":"cc.SpriteFrame","content":{"name":"default_btn_disabled","texture":"71VhFCTINJM6/Ky3oX9nBT","rect":[0,0,40,40],"offset":[0,0],"originalSize":[40,40],"capInsets":[12,12,12,12]}},{"__type__":"cc.SpriteFrame","content":{"name":"main_bg","texture":"0bzYXgd41NVY9xdgIiLlY3","rect":[0,0,1280,720],"offset":[0,0],"originalSize":[1280,720],"capInsets":[0,0,0,0]}},{"__type__":"cc.SpriteFrame","content":{"name":"main_team","texture":"6es3Rp7MFL47vszvvPhETG","rect":[2,3,185,48],"offset":[0,-1],"originalSize":[189,52],"capInsets":[0,0,0,0]}},{"__type__":"cc.SpriteFrame","content":{"name":"title_pass","texture":"6buZWOnSZLxb9dzjwfEO0E","rect":[22,7,386,92],"offset":[0,0],"originalSize":[430,106],"capInsets":[0,0,0,0]}},{"__type__":"cc.SpriteFrame","content":{"name":"12","texture":"1f451f362","rect":[390,362,396,245],"offset":[2,-2.5],"originalSize":[400,400],"capInsets":[0,0,0,0]}},{"__type__":"cc.SpriteFrame","content":{"name":"10","texture":"1f451f362","rect":[3,679,396,276],"offset":[0,15],"originalSize":[400,400],"capInsets":[0,0,0,0]}},{"__type__":"cc.SpriteFrame","content":{"name":"btn_next","texture":"c0AIOKocdGhYOsgyTEigDP","rect":[9,8,200,66],"offset":[1.5,2.5],"originalSize":[215,87],"capInsets":[0,0,0,0]}},{"__type__":"cc.SpriteFrame","content":{"name":"btn_audio_close","texture":"c0ucbMTxZFqL8W4ufGR+Bo","rect":[2,4,97,97],"offset":[0,0],"originalSize":[101,105],"capInsets":[0,0,0,0]}},{"__type__":"cc.SpriteFrame","content":{"name":"default_panel","texture":"d8HsitJHxOYqo801xBk8ev","rect":[0,0,20,20],"offset":[0,0],"originalSize":[20,20],"capInsets":[6,6,6,6]}},{"__type__":"cc.SpriteFrame","content":{"name":"btn_audio_open","texture":"f808v9M2tMk7Tmkan40YJJ","rect":[2,4,97,97],"offset":[0,0],"originalSize":[101,105],"capInsets":[0,0,0,0]}},{"__type__":"cc.SpriteFrame","content":{"name":"default_sprite_splash","texture":"02delMVqdBD70a/HSD99FK","rect":[0,0,2,2],"offset":[0,0],"originalSize":[2,2],"capInsets":[0,0,0,0]}},{"__type__":"cc.SpriteFrame","content":{"name":"dialog","texture":"e40IpevRhKIJUgtJCogdJB","rect":[35,19,498,321],"offset":[-1,-2.5],"originalSize":[570,354],"capInsets":[248,161,250,160]}},{"__type__":"cc.SpriteFrame","content":{"name":"btn_start_game","texture":"e89G6u2YpGJ4HLKsvpZrQs","rect":[10,8,363,122],"offset":[1.5,3],"originalSize":[380,144],"capInsets":[0,0,0,0]}},{"__type__":"cc.SpriteFrame","content":{"name":"btn_stages","texture":"44J8+hKL1Bv4W3QhmfuzqT","rect":[7,16,201,55],"offset":[0,0],"originalSize":[215,87],"capInsets":[0,0,0,0]}},{"__type__":"cc.SpriteFrame","content":{"name":"title_pail","texture":"19N11bAaNCZ70WlWRoDUpT","rect":[17,18,180,42],"offset":[-0.5,4.5],"originalSize":[215,87],"capInsets":[0,0,0,0]}},{"__type__":"cc.SpriteFrame","content":{"name":"btn_creator","texture":"78hgDnVt1Dgru12l+BlnZi","rect":[8,10,363,122],"offset":[-0.5,1],"originalSize":[380,144],"capInsets":[0,0,0,0]}},{"__type__":"cc.SpriteFrame","content":{"name":"11","texture":"11352d193","rect":[3,772,397,245],"offset":[1.5,-1.5],"originalSize":[400,400],"capInsets":[0,0,0,0]}},[{"__type__":"cc.SceneAsset","_name":"Main","scene":{"__id__":1},"asyncLoadAssets":null},{"__type__":"cc.Scene","_name":"New Node","_children":[{"__id__":2}],"_active":false,"_anchorPoint":{"__type__":"cc.Vec2"},"_scale":{"__type__":"cc.Vec3","x":1.6943462358809616,"y":1.6943462358809616,"z":1},"autoReleaseAssets":false},{"__type__":"cc.Node","_name":"Canvas","_parent":{"__id__":1},"_children":[{"__id__":3},{"__id__":4},{"__id__":15},{"__id__":20},{"__id__":28},{"__id__":36},{"__id__":43},{"__id__":46},{"__id__":50}],"_level":1,"_components":[{"__type__":"cc.Canvas","node":{"__id__":2},"_designResolution":{"__type__":"cc.Size","width":1280,"height":720}},{"__type__":"d99423Hc+dIOJAUQBUIGuAt","node":{"__id__":2},"nodeHome":{"__id__":6},"btnStart":{"__id__":13},"btnCreate":{"__id__":14}}],"_contentSize":{"__type__":"cc.Size","width":1280,"height":720},"_position":{"__type__":"cc.Vec3","x":640,"y":360},"_id":"19F0RPL3pBbIzjEwXWYBbI"},{"__type__":"cc.Node","_name":"Main Camera","_parent":{"__id__":2},"_level":1,"_components":[{"__type__":"cc.Camera","node":{"__id__":3},"_clearFlags":7,"_depth":-1}]},{"__type__":"cc.Node","_name":"LayoutMain","_parent":{"__id__":2},"_children":[{"__id__":5},{"__id__":6},{"__id__":7},{"__id__":9},{"__id__":11},{"__id__":13},{"__id__":14}],"_level":2,"_components":[{"__type__":"cc.Layout","node":{"__id__":4},"_layoutSize":{"__type__":"cc.Size","width":200,"height":150}}],"_contentSize":{"__type__":"cc.Size","width":200,"height":150}},{"__type__":"cc.Node","_name":"bg","_parent":{"__id__":4},"_level":3,"_components":[{"__type__":"cc.Sprite","node":{"__id__":5},"_spriteFrame":{"__uuid__":"38cIQiACJC27lmbjFOOT8G"},"_sizeMode":0}],"_contentSize":{"__type__":"cc.Size","width":1280,"height":720}},{"__type__":"cc.Node","_name":"main_title_","_parent":{"__id__":4},"_level":3,"_components":[{"__type__":"cc.Sprite","node":{"__id__":6},"_spriteFrame":{"__uuid__":"23B10G4aNDZqBo35/UMGZi"}}],"_contentSize":{"__type__":"cc.Size","width":465,"height":238},"_position":{"__type__":"cc.Vec3","x":-25,"y":131}},{"__type__":"cc.Node","_name":"main_11","_parent":{"__id__":4},"_level":3,"_components":[{"__id__":8},{"__type__":"1926dWZP9ZA9LXcWB/VQSnx","node":{"__id__":7},"sprite":{"__id__":8},"text":"11"}],"_contentSize":{"__type__":"cc.Size","width":150,"height":150},"_position":{"__type__":"cc.Vec3","x":254,"y":-23}},{"__type__":"cc.Sprite","node":{"__id__":7},"_spriteFrame":{"__uuid__":"e3TigcrudH54D/rpf0ong8"},"_sizeMode":0,"_isTrimmedMode":false},{"__type__":"cc.Node","_name":"main_12","_parent":{"__id__":4},"_level":3,"_components":[{"__id__":10},{"__type__":"1926dWZP9ZA9LXcWB/VQSnx","node":{"__id__":9},"sprite":{"__id__":10},"text":"12"}],"_contentSize":{"__type__":"cc.Size","width":120,"height":120},"_position":{"__type__":"cc.Vec3","x":348,"y":8}},{"__type__":"cc.Sprite","node":{"__id__":9},"_spriteFrame":{"__uuid__":"62Dx1WpPlGILG7FCw1JC2h"},"_sizeMode":0,"_isTrimmedMode":false},{"__type__":"cc.Node","_name":"10_1","_parent":{"__id__":4},"_level":3,"_components":[{"__id__":12},{"__type__":"1926dWZP9ZA9LXcWB/VQSnx","node":{"__id__":11},"sprite":{"__id__":12},"text":"10"}],"_contentSize":{"__type__":"cc.Size","width":250,"height":250},"_position":{"__type__":"cc.Vec3","x":576,"y":128}},{"__type__":"cc.Sprite","node":{"__id__":11},"_spriteFrame":{"__uuid__":"6fs3mpxvtEb6XxZkD5NuSh"},"_sizeMode":0,"_isTrimmedMode":false},{"__type__":"cc.Node","_name":"btnStart","_parent":{"__id__":4},"_level":3,"_components":[{"__type__":"cc.Sprite","node":{"__id__":13},"_spriteFrame":{"__uuid__":"c7MFQ6QnBBIJoEYtm8xn0T"},"_sizeMode":2,"_isTrimmedMode":false},{"__type__":"cc.Button","node":{"__id__":13},"clickEvents":[{"__type__":"cc.ClickEvent","target":{"__id__":2},"_componentId":"d99423Hc+dIOJAUQBUIGuAt","handler":"onClickStart"},{"__type__":"cc.ClickEvent","target":{"__id__":13},"_componentId":"73471dmMLpCQZi2rLYxt30O","handler":"onClick"}],"_N$transition":3,"transition":3,"_N$normalColor":{"__type__":"cc.Color","r":255,"g":255,"b":255},"_N$pressedColor":{"__type__":"cc.Color","r":255,"g":255,"b":255},"pressedColor":{"__type__":"cc.Color","r":255,"g":255,"b":255},"_N$disabledColor":{"__type__":"cc.Color","r":255,"g":255,"b":255},"_N$normalSprite":{"__uuid__":"f0BIwQ8D5Ml7nTNQbh1YlS"},"_N$pressedSprite":{"__uuid__":"e97GVMl6JHh5Ml5qEDdSGa"},"pressedSprite":{"__uuid__":"e97GVMl6JHh5Ml5qEDdSGa"},"_N$hoverSprite":{"__uuid__":"f0BIwQ8D5Ml7nTNQbh1YlS"},"hoverSprite":{"__uuid__":"f0BIwQ8D5Ml7nTNQbh1YlS"},"_N$disabledSprite":{"__uuid__":"29FYIk+N1GYaeWH/q1NxQO"},"_N$target":{"__id__":13}},{"__type__":"73471dmMLpCQZi2rLYxt30O","node":{"__id__":13}}],"_contentSize":{"__type__":"cc.Size","width":380,"height":144},"_position":{"__type__":"cc.Vec3","y":-83}},{"__type__":"cc.Node","_name":"btnCreate","_parent":{"__id__":4},"_level":3,"_components":[{"__type__":"cc.Sprite","node":{"__id__":14},"_spriteFrame":{"__uuid__":"e3Hnue+yJOy63h0xeToV77"},"_sizeMode":0,"_isTrimmedMode":false},{"__type__":"cc.Button","node":{"__id__":14},"clickEvents":[{"__type__":"cc.ClickEvent","target":{"__id__":2},"_componentId":"d99423Hc+dIOJAUQBUIGuAt","handler":"onClickEdit"},{"__type__":"cc.ClickEvent","target":{"__id__":14},"_componentId":"73471dmMLpCQZi2rLYxt30O","handler":"onClick"}],"_N$transition":3,"transition":3,"_N$normalColor":{"__type__":"cc.Color","r":255,"g":255,"b":255},"_N$pressedColor":{"__type__":"cc.Color","r":255,"g":255,"b":255},"pressedColor":{"__type__":"cc.Color","r":255,"g":255,"b":255},"_N$disabledColor":{"__type__":"cc.Color","r":255,"g":255,"b":255},"_N$normalSprite":{"__uuid__":"f0BIwQ8D5Ml7nTNQbh1YlS"},"_N$pressedSprite":{"__uuid__":"e97GVMl6JHh5Ml5qEDdSGa"},"pressedSprite":{"__uuid__":"e97GVMl6JHh5Ml5qEDdSGa"},"_N$hoverSprite":{"__uuid__":"f0BIwQ8D5Ml7nTNQbh1YlS"},"hoverSprite":{"__uuid__":"f0BIwQ8D5Ml7nTNQbh1YlS"},"_N$disabledSprite":{"__uuid__":"29FYIk+N1GYaeWH/q1NxQO"},"_N$target":{"__id__":14}},{"__type__":"73471dmMLpCQZi2rLYxt30O","node":{"__id__":14}}],"_contentSize":{"__type__":"cc.Size","width":380,"height":144},"_position":{"__type__":"cc.Vec3","y":-227}},{"__type__":"cc.Node","_name":"LayoutToast","_parent":{"__id__":2},"_children":[{"__id__":16},{"__id__":19}],"_level":1,"_components":[{"__type__":"bfbc9G5LMNMFI/3Orn1TStN","node":{"__id__":15},"layout":{"__id__":16},"container":{"__id__":19}},{"__type__":"cc.Widget","node":{"__id__":15},"_alignFlags":18,"_verticalCenter":855,"_horizontalCenter":2817}],"_position":{"__type__":"cc.Vec3","x":2817,"y":855}},{"__type__":"cc.Node","_name":"Layout","_parent":{"__id__":15},"_children":[{"__id__":17},{"__id__":18}],"_level":2,"_components":[{"__type__":"cc.Layout","node":{"__id__":16},"_layoutSize":{"__type__":"cc.Size","width":1280,"height":100}}],"_contentSize":{"__type__":"cc.Size","width":1280,"height":100}},{"__type__":"cc.Node","_name":"Bg","_parent":{"__id__":16},"_level":3,"_components":[{"__type__":"cc.Sprite","node":{"__id__":17},"_spriteFrame":{"__uuid__":"a2MjXRFdtLlYQ5ouAFv/+R"},"_sizeMode":0},{"__type__":"cc.Widget","node":{"__id__":17},"_alignFlags":45,"_top":25,"_bottom":25,"_originalWidth":100,"_originalHeight":100}],"_opacity":165,"_color":{"__type__":"cc.Color"},"_contentSize":{"__type__":"cc.Size","width":1280,"height":50}},{"__type__":"cc.Node","_name":"LabelTitle","_parent":{"__id__":16},"_level":3,"_components":[{"__type__":"cc.Label","node":{"__id__":18},"_useOriginalSize":false,"_string":"游戏开始","_N$string":"游戏开始","_fontSize":48,"_lineHeight":48,"_N$horizontalAlign":1,"_N$verticalAlign":1}],"_contentSize":{"__type__":"cc.Size","width":192,"height":48},"_scale":{"__type__":"cc.Vec3","x":0.5,"y":0.5,"z":1}},{"__type__":"cc.Node","_name":"Container","_parent":{"__id__":15},"_level":2},{"__type__":"cc.Node","_name":"LayoutGameOver","_parent":{"__id__":2},"_children":[{"__id__":21},{"__id__":22}],"_level":1,"_components":[{"__type__":"cc.Widget","node":{"__id__":20},"_alignFlags":18,"_verticalCenter":1225,"_horizontalCenter":-1721},{"__type__":"a5ef9JnJ05OqpNnLbTTsLhW","node":{"__id__":20},"layout":{"__id__":22}}],"_position":{"__type__":"cc.Vec3","x":-1721,"y":1225}},{"__type__":"cc.Node","_name":"New Sprite(Splash)","_parent":{"__id__":20},"_level":2,"_components":[{"__type__":"cc.Sprite","node":{"__id__":21},"_spriteFrame":{"__uuid__":"a2MjXRFdtLlYQ5ouAFv/+R"},"_sizeMode":0},{"__type__":"cc.BlockInputEvents","node":{"__id__":21}}],"_opacity":168,"_color":{"__type__":"cc.Color"},"_contentSize":{"__type__":"cc.Size","width":1280,"height":1280}},{"__type__":"cc.Node","_name":"Layout","_parent":{"__id__":20},"_children":[{"__id__":23},{"__id__":24},{"__id__":25},{"__id__":26},{"__id__":27}],"_level":2,"_components":[{"__type__":"cc.Layout","node":{"__id__":22},"_layoutSize":{"__type__":"cc.Size","width":640,"height":400}},{"__type__":"63472HdmoRLfrIrQIqNPaR4","node":{"__id__":22},"animName":"scale0t1"}],"_contentSize":{"__type__":"cc.Size","width":640,"height":400}},{"__type__":"cc.Node","_name":"Bg","_parent":{"__id__":22},"_level":3,"_components":[{"__type__":"cc.Sprite","node":{"__id__":23},"_spriteFrame":{"__uuid__":"bfQ53fruNAwJ7JlHJ1fVO5"},"_type":1,"_sizeMode":0},{"__type__":"cc.Widget","node":{"__id__":23},"_alignFlags":45,"_originalWidth":100,"_originalHeight":100}],"_contentSize":{"__type__":"cc.Size","width":640,"height":400}},{"__type__":"cc.Node","_name":"title_pail","_parent":{"__id__":22},"_level":3,"_components":[{"__type__":"cc.Sprite","node":{"__id__":24},"_spriteFrame":{"__uuid__":"d5G/pNwiJJEKcqi1uD0NUm"},"_sizeMode":2,"_isTrimmedMode":false}],"_contentSize":{"__type__":"cc.Size","width":215,"height":87},"_position":{"__type__":"cc.Vec3","x":-9,"y":135}},{"__type__":"cc.Node","_name":"btn_reset","_parent":{"__id__":22},"_level":3,"_components":[{"__type__":"cc.Sprite","node":{"__id__":25},"_spriteFrame":{"__uuid__":"06Uc1oFqBKZ4TsPR9qwJOI"}},{"__type__":"cc.Button","node":{"__id__":25},"clickEvents":[{"__type__":"cc.ClickEvent","target":{"__id__":20},"_componentId":"a5ef9JnJ05OqpNnLbTTsLhW","handler":"onClickReset"}],"_N$transition":3,"transition":3}],"_contentSize":{"__type__":"cc.Size","width":257,"height":65},"_position":{"__type__":"cc.Vec3","x":-6,"y":6}},{"__type__":"cc.Node","_name":"btn_back_title","_parent":{"__id__":22},"_level":3,"_components":[{"__type__":"cc.Sprite","node":{"__id__":26},"_spriteFrame":{"__uuid__":"27QgQpoUFLCL2WR7GfSfHs"},"_sizeMode":2,"_isTrimmedMode":false},{"__type__":"cc.Button","node":{"__id__":26},"clickEvents":[{"__type__":"cc.ClickEvent","target":{"__id__":20},"_componentId":"a5ef9JnJ05OqpNnLbTTsLhW","handler":"onClickSubmit"}],"_N$transition":3,"transition":3,"_N$normalColor":{"__type__":"cc.Color","r":255,"g":255,"b":255},"_N$pressedColor":{"__type__":"cc.Color","r":255,"g":255,"b":255},"pressedColor":{"__type__":"cc.Color","r":255,"g":255,"b":255},"_N$disabledColor":{"__type__":"cc.Color","r":255,"g":255,"b":255},"_N$normalSprite":{"__uuid__":"f0BIwQ8D5Ml7nTNQbh1YlS"},"_N$pressedSprite":{"__uuid__":"e97GVMl6JHh5Ml5qEDdSGa"},"pressedSprite":{"__uuid__":"e97GVMl6JHh5Ml5qEDdSGa"},"_N$hoverSprite":{"__uuid__":"f0BIwQ8D5Ml7nTNQbh1YlS"},"hoverSprite":{"__uuid__":"f0BIwQ8D5Ml7nTNQbh1YlS"},"_N$disabledSprite":{"__uuid__":"29FYIk+N1GYaeWH/q1NxQO"},"_N$target":{"__id__":26}}],"_contentSize":{"__type__":"cc.Size","width":215,"height":87},"_position":{"__type__":"cc.Vec3","x":-159,"y":-120}},{"__type__":"cc.Node","_name":"btn_stages","_parent":{"__id__":22},"_level":3,"_components":[{"__type__":"cc.Sprite","node":{"__id__":27},"_spriteFrame":{"__uuid__":"d1fVrY9gpMH4TpHNMfN7rx"},"_sizeMode":2,"_isTrimmedMode":false},{"__type__":"cc.Button","node":{"__id__":27},"clickEvents":[{"__type__":"cc.ClickEvent","target":{"__id__":20},"_componentId":"a5ef9JnJ05OqpNnLbTTsLhW","handler":"onClickStage"}],"_N$transition":3,"transition":3,"_N$normalColor":{"__type__":"cc.Color","r":255,"g":255,"b":255},"_N$pressedColor":{"__type__":"cc.Color","r":255,"g":255,"b":255},"pressedColor":{"__type__":"cc.Color","r":255,"g":255,"b":255},"_N$disabledColor":{"__type__":"cc.Color","r":255,"g":255,"b":255},"_N$normalSprite":{"__uuid__":"f0BIwQ8D5Ml7nTNQbh1YlS"},"_N$pressedSprite":{"__uuid__":"e97GVMl6JHh5Ml5qEDdSGa"},"pressedSprite":{"__uuid__":"e97GVMl6JHh5Ml5qEDdSGa"},"_N$hoverSprite":{"__uuid__":"f0BIwQ8D5Ml7nTNQbh1YlS"},"hoverSprite":{"__uuid__":"f0BIwQ8D5Ml7nTNQbh1YlS"},"_N$disabledSprite":{"__uuid__":"29FYIk+N1GYaeWH/q1NxQO"},"_N$target":{"__id__":26}}],"_contentSize":{"__type__":"cc.Size","width":215,"height":87},"_position":{"__type__":"cc.Vec3","x":131,"y":-119}},{"__type__":"cc.Node","_name":"LayoutGamePass","_parent":{"__id__":2},"_children":[{"__id__":29},{"__id__":30}],"_level":1,"_components":[{"__type__":"cc.Widget","node":{"__id__":28},"_alignFlags":18,"_verticalCenter":1225,"_horizontalCenter":-2803},{"__type__":"a3891qnO/pMX5ocJKXZ/YU5","node":{"__id__":28},"layout":{"__id__":30}}],"_position":{"__type__":"cc.Vec3","x":-2803,"y":1225}},{"__type__":"cc.Node","_name":"New Sprite(Splash)","_parent":{"__id__":28},"_level":2,"_components":[{"__type__":"cc.Sprite","node":{"__id__":29},"_spriteFrame":{"__uuid__":"a2MjXRFdtLlYQ5ouAFv/+R"},"_sizeMode":0},{"__type__":"cc.BlockInputEvents","node":{"__id__":29}}],"_opacity":168,"_color":{"__type__":"cc.Color"},"_contentSize":{"__type__":"cc.Size","width":1280,"height":1280}},{"__type__":"cc.Node","_name":"Layout","_parent":{"__id__":28},"_children":[{"__id__":31},{"__id__":32},{"__id__":33},{"__id__":34},{"__id__":35}],"_level":2,"_components":[{"__type__":"cc.Layout","node":{"__id__":30},"_layoutSize":{"__type__":"cc.Size","width":640,"height":400}},{"__type__":"63472HdmoRLfrIrQIqNPaR4","node":{"__id__":30},"animName":"scale0t1"}],"_contentSize":{"__type__":"cc.Size","width":640,"height":400}},{"__type__":"cc.Node","_name":"Bg","_parent":{"__id__":30},"_level":3,"_components":[{"__type__":"cc.Sprite","node":{"__id__":31},"_spriteFrame":{"__uuid__":"bfQ53fruNAwJ7JlHJ1fVO5"},"_type":1,"_sizeMode":0},{"__type__":"cc.Widget","node":{"__id__":31},"_alignFlags":45,"_originalWidth":100,"_originalHeight":100}],"_contentSize":{"__type__":"cc.Size","width":640,"height":400}},{"__type__":"cc.Node","_name":"title_pass","_parent":{"__id__":30},"_level":3,"_components":[{"__type__":"cc.Sprite","node":{"__id__":32},"_spriteFrame":{"__uuid__":"40WEJQ6+BCeIhVVf7VIQXf"}}],"_contentSize":{"__type__":"cc.Size","width":386,"height":92},"_position":{"__type__":"cc.Vec3","x":-11,"y":127}},{"__type__":"cc.Node","_name":"btn_back_title","_parent":{"__id__":30},"_level":3,"_components":[{"__type__":"cc.Sprite","node":{"__id__":33},"_spriteFrame":{"__uuid__":"27QgQpoUFLCL2WR7GfSfHs"},"_sizeMode":2,"_isTrimmedMode":false},{"__type__":"cc.Button","node":{"__id__":33},"clickEvents":[{"__type__":"cc.ClickEvent","target":{"__id__":28},"_componentId":"a3891qnO/pMX5ocJKXZ/YU5","handler":"onClickBack"}],"_N$transition":3,"transition":3}],"_contentSize":{"__type__":"cc.Size","width":215,"height":87},"_position":{"__type__":"cc.Vec3","x":-139,"y":-119}},{"__type__":"cc.Node","_name":"btn_stages","_parent":{"__id__":30},"_level":3,"_components":[{"__type__":"cc.Sprite","node":{"__id__":34},"_spriteFrame":{"__uuid__":"d1fVrY9gpMH4TpHNMfN7rx"},"_sizeMode":2,"_isTrimmedMode":false},{"__type__":"cc.Button","node":{"__id__":34},"clickEvents":[{"__type__":"cc.ClickEvent","target":{"__id__":28},"_componentId":"a3891qnO/pMX5ocJKXZ/YU5","handler":"onClickStage"}],"_N$transition":3,"transition":3,"_N$normalColor":{"__type__":"cc.Color","r":255,"g":255,"b":255},"_N$pressedColor":{"__type__":"cc.Color","r":255,"g":255,"b":255},"pressedColor":{"__type__":"cc.Color","r":255,"g":255,"b":255},"_N$disabledColor":{"__type__":"cc.Color","r":255,"g":255,"b":255},"_N$normalSprite":{"__uuid__":"f0BIwQ8D5Ml7nTNQbh1YlS"},"_N$pressedSprite":{"__uuid__":"e97GVMl6JHh5Ml5qEDdSGa"},"pressedSprite":{"__uuid__":"e97GVMl6JHh5Ml5qEDdSGa"},"_N$hoverSprite":{"__uuid__":"f0BIwQ8D5Ml7nTNQbh1YlS"},"hoverSprite":{"__uuid__":"f0BIwQ8D5Ml7nTNQbh1YlS"},"_N$disabledSprite":{"__uuid__":"29FYIk+N1GYaeWH/q1NxQO"},"_N$target":{"__id__":26}}],"_contentSize":{"__type__":"cc.Size","width":215,"height":87},"_position":{"__type__":"cc.Vec3","x":117,"y":-119}},{"__type__":"cc.Node","_name":"btn_next","_parent":{"__id__":30},"_level":3,"_components":[{"__type__":"cc.Sprite","node":{"__id__":35},"_spriteFrame":{"__uuid__":"78gZADnVxDw7A92FFNfjqw"}}],"_contentSize":{"__type__":"cc.Size","width":200,"height":66},"_position":{"__type__":"cc.Vec3","x":-7,"y":-9}},{"__type__":"cc.Node","_name":"LayoutStage","_parent":{"__id__":2},"_children":[{"__id__":37},{"__id__":38}],"_level":1,"_components":[{"__type__":"cc.Widget","node":{"__id__":36},"_alignFlags":18,"_verticalCenter":1229,"_horizontalCenter":-590},{"__type__":"0df0fZ/5oxOkrRRQUGfSqs8","node":{"__id__":36},"layout":{"__id__":38},"container":{"__id__":42},"prefabStage":{"__uuid__":"2cpQZSos5F1Y4GSbD6Oc41"}}],"_position":{"__type__":"cc.Vec3","x":-590,"y":1229}},{"__type__":"cc.Node","_name":"New Sprite(Splash)","_parent":{"__id__":36},"_level":2,"_components":[{"__type__":"cc.Sprite","node":{"__id__":37},"_spriteFrame":{"__uuid__":"a2MjXRFdtLlYQ5ouAFv/+R"},"_sizeMode":0},{"__type__":"cc.BlockInputEvents","node":{"__id__":37}}],"_opacity":168,"_color":{"__type__":"cc.Color"},"_contentSize":{"__type__":"cc.Size","width":1280,"height":1280}},{"__type__":"cc.Node","_name":"Layout","_parent":{"__id__":36},"_children":[{"__id__":39},{"__id__":40},{"__id__":41},{"__id__":42}],"_level":2,"_components":[{"__type__":"cc.Layout","node":{"__id__":38},"_layoutSize":{"__type__":"cc.Size","width":840,"height":640}},{"__type__":"63472HdmoRLfrIrQIqNPaR4","node":{"__id__":38},"animName":"scale0t1"}],"_contentSize":{"__type__":"cc.Size","width":840,"height":640}},{"__type__":"cc.Node","_name":"Bg","_parent":{"__id__":38},"_level":3,"_components":[{"__type__":"cc.Sprite","node":{"__id__":39},"_spriteFrame":{"__uuid__":"bfQ53fruNAwJ7JlHJ1fVO5"},"_type":1,"_sizeMode":0},{"__type__":"cc.Widget","node":{"__id__":39},"_alignFlags":45,"_originalWidth":100,"_originalHeight":100}],"_contentSize":{"__type__":"cc.Size","width":840,"height":640}},{"__type__":"cc.Node","_name":"btn_back_title","_parent":{"__id__":38},"_level":3,"_components":[{"__type__":"cc.Sprite","node":{"__id__":40},"_spriteFrame":{"__uuid__":"27QgQpoUFLCL2WR7GfSfHs"},"_sizeMode":2,"_isTrimmedMode":false},{"__type__":"cc.Button","node":{"__id__":40},"clickEvents":[{"__type__":"cc.ClickEvent","target":{"__id__":36},"_componentId":"0df0fZ/5oxOkrRRQUGfSqs8","handler":"onClickBack"}],"_N$transition":3,"transition":3}],"_contentSize":{"__type__":"cc.Size","width":215,"height":87},"_position":{"__type__":"cc.Vec3","x":-11,"y":-228}},{"__type__":"cc.Node","_name":"New Label","_parent":{"__id__":38},"_level":3,"_components":[{"__type__":"cc.Label","node":{"__id__":41},"_useOriginalSize":false,"_string":"关卡列表","_N$string":"关卡列表","_fontSize":80,"_lineHeight":80,"_N$horizontalAlign":1,"_N$verticalAlign":1}],"_contentSize":{"__type__":"cc.Size","width":320,"height":80},"_position":{"__type__":"cc.Vec3","x":-5,"y":236}},{"__type__":"cc.Node","_name":"Container","_parent":{"__id__":38},"_level":3,"_components":[{"__type__":"cc.Sprite","node":{"__id__":42},"_enabled":false,"_spriteFrame":{"__uuid__":"9bvaMerUlDyary99mJa6xp"},"_type":1,"_sizeMode":0},{"__type__":"cc.Layout","node":{"__id__":42},"_layoutSize":{"__type__":"cc.Size","width":640,"height":280},"_N$layoutType":3,"_N$spacingX":20,"_N$spacingY":20}],"_contentSize":{"__type__":"cc.Size","width":640,"height":280}},{"__type__":"cc.Node","_name":"LayoutHelp","_parent":{"__id__":2},"_children":[{"__id__":44},{"__id__":45}],"_level":1,"_components":[{"__type__":"cc.Sprite","node":{"__id__":43},"_spriteFrame":{"__uuid__":"9bvaMerUlDyary99mJa6xp"},"_type":1,"_sizeMode":0},{"__type__":"cc.Layout","node":{"__id__":43},"_layoutSize":{"__type__":"cc.Size","width":200,"height":120}},{"__type__":"cc.Widget","node":{"__id__":43},"_alignFlags":36}],"_color":{"__type__":"cc.Color","r":17,"g":22,"b":18},"_contentSize":{"__type__":"cc.Size","width":200,"height":120},"_position":{"__type__":"cc.Vec3","x":540,"y":-300}},{"__type__":"cc.Node","_name":"New Label","_parent":{"__id__":43},"_level":2,"_components":[{"__type__":"cc.Label","node":{"__id__":44},"_useOriginalSize":false,"_string":"操作键","_N$string":"操作键","_fontSize":32,"_lineHeight":32,"_N$horizontalAlign":1,"_N$verticalAlign":1}],"_contentSize":{"__type__":"cc.Size","width":96,"height":32},"_position":{"__type__":"cc.Vec3","y":38}},{"__type__":"cc.Node","_name":"New Label","_parent":{"__id__":43},"_level":2,"_components":[{"__type__":"cc.Label","node":{"__id__":45},"_useOriginalSize":false,"_string":"玩家A AWDS\n玩家B 左上右下","_N$string":"玩家A AWDS\n玩家B 左上右下","_fontSize":22,"_lineHeight":22,"_N$verticalAlign":1}],"_contentSize":{"__type__":"cc.Size","width":152.79,"height":44},"_position":{"__type__":"cc.Vec3","x":-10,"y":-21}},{"__type__":"cc.Node","_name":"New Layout","_parent":{"__id__":2},"_children":[{"__id__":47},{"__id__":49}],"_level":1,"_components":[{"__type__":"cc.Sprite","node":{"__id__":46},"_enabled":false,"_spriteFrame":{"__uuid__":"9bvaMerUlDyary99mJa6xp"},"_type":1,"_sizeMode":0},{"__type__":"4c928qlzCRBhqJRW9xsFYa6","node":{"__id__":46},"label":{"__id__":48}},{"__type__":"cc.Layout","node":{"__id__":46},"_layoutSize":{"__type__":"cc.Size","width":200,"height":50}},{"__type__":"cc.Widget","node":{"__id__":46},"_alignFlags":4,"_bottom":580}],"_contentSize":{"__type__":"cc.Size","width":200,"height":50},"_position":{"__type__":"cc.Vec3","x":446,"y":245}},{"__type__":"cc.Node","_name":"New Label","_parent":{"__id__":46},"_level":2,"_components":[{"__id__":48}],"_contentSize":{"__type__":"cc.Size","width":224,"height":56},"_scale":{"__type__":"cc.Vec3","x":0.5,"y":0.5,"z":1}},{"__type__":"cc.Label","node":{"__id__":47},"_useOriginalSize":false,"_string":"轮播效果","_N$string":"轮播效果","_fontSize":56,"_lineHeight":56,"_N$horizontalAlign":1,"_N$verticalAlign":1},{"__type__":"cc.Node","_name":"main_title","_parent":{"__id__":46},"_level":2,"_components":[{"__type__":"cc.Sprite","node":{"__id__":49},"_spriteFrame":{"__uuid__":"3dx1ZExRxEJJRLmct3p7wW"},"_sizeMode":2,"_isTrimmedMode":false},{"__type__":"63472HdmoRLfrIrQIqNPaR4","node":{"__id__":49},"_enabled":false,"animName":"fadeInOrOut"}],"_contentSize":{"__type__":"cc.Size","width":189,"height":52},"_position":{"__type__":"cc.Vec3","x":-4,"y":57}},{"__type__":"cc.Node","_name":"LayoutAudioSetting","_parent":{"__id__":2},"_children":[{"__id__":51}],"_level":2,"_components":[{"__type__":"cc.Sprite","node":{"__id__":50},"_enabled":false,"_spriteFrame":{"__uuid__":"9bvaMerUlDyary99mJa6xp"},"_type":1,"_sizeMode":0},{"__type__":"cc.Layout","node":{"__id__":50},"_layoutSize":{"__type__":"cc.Size","width":100,"height":100}},{"__type__":"cc.Widget","node":{"__id__":50},"_alignFlags":12,"_left":25,"_bottom":25},{"__type__":"63384cQm7xARa50RX+KOJGW","node":{"__id__":50},"spriteFrameOpen":{"__uuid__":"9eQCRtUmFF4Ilh3g15x24x"},"spriteFrameClose":{"__uuid__":"8e/FPMvApE7o6WeqsbFeXH"},"sprite":{"__id__":52}},{"__type__":"cc.Button","node":{"__id__":50},"clickEvents":[{"__type__":"cc.ClickEvent","target":{"__id__":50},"_componentId":"63384cQm7xARa50RX+KOJGW","handler":"onClick"},{"__type__":"cc.ClickEvent","target":{"__id__":50},"_componentId":"73471dmMLpCQZi2rLYxt30O","handler":"onClick"}]},{"__type__":"73471dmMLpCQZi2rLYxt30O","node":{"__id__":50}}],"_contentSize":{"__type__":"cc.Size","width":100,"height":100},"_position":{"__type__":"cc.Vec3","x":-565,"y":-285}},{"__type__":"cc.Node","_name":"sprite","_parent":{"__id__":50},"_level":3,"_components":[{"__id__":52}],"_contentSize":{"__type__":"cc.Size","width":97,"height":97}},{"__type__":"cc.Sprite","node":{"__id__":51},"_spriteFrame":{"__uuid__":"9eQCRtUmFF4Ilh3g15x24x"},"_isTrimmedMode":false}],{"__type__":"cc.SpriteFrame","content":{"name":"default_btn_pressed","texture":"b4P/PCArtIdIH38t6mlw8Y","rect":[0,0,40,40],"offset":[0,0],"originalSize":[40,40],"capInsets":[12,12,12,12]}},{"__type__":"cc.SpriteFrame","content":{"name":"default_btn_normal","texture":"e8Ueib+qJEhL6mXAHdnwbi","rect":[0,0,40,40],"offset":[0,0],"originalSize":[40,40],"capInsets":[12,12,12,12]}}]