[{"__type__":"cc.SpriteFrame","content":{"name":"default_btn_disabled","texture":"71VhFCTINJM6/Ky3oX9nBT","rect":[0,0,40,40],"offset":[0,0],"originalSize":[40,40],"capInsets":[12,12,12,12]}},{"__type__":"cc.SpriteFrame","content":{"name":"box-line","texture":"dfJafxCrFDaKsxeEbCpoKu","rect":[1,0,48,50],"offset":[0,0],"originalSize":[50,50],"capInsets":[0,0,0,0]}},{"__type__":"cc.SpriteFrame","content":{"name":"game_bg","texture":"catB0QEMtDSau06hRDP0Lj","rect":[0,0,1280,721],"offset":[0,0],"originalSize":[1280,721],"capInsets":[0,0,0,0]}},{"__type__":"cc.SpriteFrame","content":{"name":"btn_exit","texture":"7dsM+7kldN37VqHnRM5hDg","rect":[8,3,220,86],"offset":[1,1],"originalSize":[234,94],"capInsets":[0,0,0,0]}},{"__type__":"cc.SpriteFrame","content":{"name":"default_panel","texture":"d8HsitJHxOYqo801xBk8ev","rect":[0,0,20,20],"offset":[0,0],"originalSize":[20,20],"capInsets":[6,6,6,6]}},{"__type__":"cc.SpriteFrame","content":{"name":"default_sprite_splash","texture":"02delMVqdBD70a/HSD99FK","rect":[0,0,2,2],"offset":[0,0],"originalSize":[2,2],"capInsets":[0,0,0,0]}},[{"__type__":"cc.SceneAsset","_name":"Edit","scene":{"__id__":1},"asyncLoadAssets":null},{"__type__":"cc.Scene","_name":"New Node","_children":[{"__id__":2}],"_anchorPoint":{"__type__":"cc.Vec2"},"_scale":{"__type__":"cc.Vec3","x":0.5112847222222232,"y":0.5112847222222232,"z":1},"autoReleaseAssets":false},{"__type__":"cc.Node","_name":"Canvas","_parent":{"__id__":1},"_children":[{"__id__":3},{"__id__":4},{"__id__":5},{"__id__":6},{"__id__":16},{"__id__":17},{"__id__":19},{"__id__":21},{"__id__":34},{"__id__":47}],"_components":[{"__type__":"cc.Canvas","node":{"__id__":2},"_designResolution":{"__type__":"cc.Size","width":1280,"height":720}},{"__type__":"c75adZ9acFOp7rn2akx/ZVI","node":{"__id__":2},"layoutMap":{"__id__":5},"prefabBox":{"__uuid__":"98dx8JgslD3pLlKhOSPLWR"}}],"_contentSize":{"__type__":"cc.Size","width":1280,"height":720},"_position":{"__type__":"cc.Vec3","x":640,"y":360},"_id":"9cASI60FxDTZpgQ3os7F+b"},{"__type__":"cc.Node","_name":"Main Camera","_parent":{"__id__":2},"_level":1,"_components":[{"__type__":"cc.Camera","node":{"__id__":3},"_clearFlags":7,"_depth":-1}]},{"__type__":"cc.Node","_name":"bg","_parent":{"__id__":2},"_level":1,"_components":[{"__type__":"cc.Sprite","node":{"__id__":4},"_spriteFrame":{"__uuid__":"99I5gHXD1IgZzNM45PWzP7"},"_sizeMode":2,"_isTrimmedMode":false}],"_contentSize":{"__type__":"cc.Size","width":1280,"height":721}},{"__type__":"cc.Node","_name":"Map","_parent":{"__id__":2},"_level":1,"_components":[{"__type__":"cc.Sprite","node":{"__id__":5},"_enabled":false,"_spriteFrame":{"__uuid__":"95hHpJF3xKU52giQq/WUHu"},"_type":2,"_sizeMode":0,"_isTrimmedMode":false},{"__type__":"cc.Layout","node":{"__id__":5},"_layoutSize":{"__type__":"cc.Size","width":1200,"height":600}},{"__type__":"cc.Widget","node":{"__id__":5},"_alignFlags":20,"_bottom":20}],"_contentSize":{"__type__":"cc.Size","width":1200,"height":600},"_anchorPoint":{"__type__":"cc.Vec2"},"_position":{"__type__":"cc.Vec3","x":-600,"y":-340}},{"__type__":"cc.Node","_name":"LayoutTool","_parent":{"__id__":2},"_children":[{"__id__":7}],"_level":1,"_components":[{"__type__":"60757fPd0tEx45XiGUuKU26","node":{"__id__":6},"item":{"__id__":12},"toggleContainer":{"__id__":7}},{"__type__":"cc.Widget","node":{"__id__":6},"_alignFlags":17,"_top":50}],"_color":{"__type__":"cc.Color","r":106,"g":143,"b":93},"_position":{"__type__":"cc.Vec3","y":310}},{"__type__":"cc.Node","_name":"New ToggleContainer","_parent":{"__id__":6},"_children":[{"__id__":8},{"__id__":12}],"_level":2,"_components":[{"__type__":"cc.ToggleContainer","node":{"__id__":7},"checkEvents":[{"__type__":"cc.ClickEvent","target":{"__id__":6},"_componentId":"60757fPd0tEx45XiGUuKU26","handler":"onChecked"}]},{"__type__":"cc.Sprite","node":{"__id__":7},"_spriteFrame":{"__uuid__":"a2MjXRFdtLlYQ5ouAFv/+R"},"_sizeMode":0},{"__type__":"cc.Layout","node":{"__id__":7},"_layoutSize":{"__type__":"cc.Size","width":900,"height":120},"_N$layoutType":3}],"_color":{"__type__":"cc.Color","r":158,"g":199,"b":175},"_contentSize":{"__type__":"cc.Size","width":900,"height":120},"_scale":{"__type__":"cc.Vec3","x":0.8,"y":0.8,"z":1}},{"__type__":"cc.Node","_name":"0","_parent":{"__id__":7},"_children":[{"__id__":9},{"__id__":10}],"_level":3,"_components":[{"__type__":"cc.Toggle","node":{"__id__":8},"_N$transition":3,"transition":3,"_N$target":{"__id__":8},"checkMark":{"__id__":11}}],"_contentSize":{"__type__":"cc.Size","width":60,"height":60},"_position":{"__type__":"cc.Vec3","x":-420,"y":30}},{"__type__":"cc.Node","_name":"New Label","_parent":{"__id__":8},"_level":1,"_components":[{"__type__":"cc.Label","node":{"__id__":9},"_useOriginalSize":false,"_string":"擦除","_N$string":"擦除","_fontSize":28,"_lineHeight":28,"_N$horizontalAlign":1,"_N$verticalAlign":1}],"_contentSize":{"__type__":"cc.Size","width":56,"height":28}},{"__type__":"cc.Node","_name":"checkmark","_parent":{"__id__":8},"_level":1,"_components":[{"__id__":11}],"_color":{"__type__":"cc.Color","r":217,"g":97,"b":97},"_contentSize":{"__type__":"cc.Size","width":10,"height":10},"_position":{"__type__":"cc.Vec3","x":23.3,"y":-24.1}},{"__type__":"cc.Sprite","node":{"__id__":10},"_spriteFrame":{"__uuid__":"a2MjXRFdtLlYQ5ouAFv/+R"},"_sizeMode":0},{"__type__":"cc.Node","_name":"item","_parent":{"__id__":7},"_children":[{"__id__":13},{"__id__":14}],"_components":[{"__type__":"cc.Toggle","node":{"__id__":12},"_N$transition":3,"transition":3,"_N$target":{"__id__":12},"_N$isChecked":false,"checkMark":{"__id__":15}}],"_contentSize":{"__type__":"cc.Size","width":60,"height":60},"_position":{"__type__":"cc.Vec3","x":-360,"y":30}},{"__type__":"cc.Node","_name":"Sprite","_parent":{"__id__":12},"_level":1,"_components":[{"__type__":"cc.Sprite","node":{"__id__":13},"_spriteFrame":{"__uuid__":"a2MjXRFdtLlYQ5ouAFv/+R"},"_sizeMode":0,"_isTrimmedMode":false},{"__type__":"cc.Widget","node":{"__id__":13},"_alignFlags":45,"_originalWidth":100,"_originalHeight":100}],"_contentSize":{"__type__":"cc.Size","width":60,"height":60}},{"__type__":"cc.Node","_name":"checkmark","_parent":{"__id__":12},"_active":false,"_level":1,"_components":[{"__id__":15}],"_color":{"__type__":"cc.Color","r":217,"g":97,"b":97},"_contentSize":{"__type__":"cc.Size","width":10,"height":10},"_position":{"__type__":"cc.Vec3","x":23.3,"y":-24.1}},{"__type__":"cc.Sprite","node":{"__id__":14},"_spriteFrame":{"__uuid__":"a2MjXRFdtLlYQ5ouAFv/+R"},"_sizeMode":0},{"__type__":"cc.Node","_name":"btn_exit","_parent":{"__id__":2},"_level":1,"_components":[{"__type__":"cc.Sprite","node":{"__id__":16},"_spriteFrame":{"__uuid__":"9ahNRphl1DSJh94TAfrVBG"}},{"__type__":"cc.Button","node":{"__id__":16},"clickEvents":[{"__type__":"cc.ClickEvent","target":{"__id__":16},"_componentId":"cc295X9NdlKZLb8AXk5S8B7","handler":"onClick"}]},{"__type__":"cc295X9NdlKZLb8AXk5S8B7","node":{"__id__":16},"sceneName":"Main"}],"_contentSize":{"__type__":"cc.Size","width":220,"height":86},"_position":{"__type__":"cc.Vec3","x":-514,"y":313}},{"__type__":"cc.Node","_name":"New Button","_parent":{"__id__":2},"_children":[{"__id__":18}],"_level":1,"_components":[{"__type__":"cc.Sprite","node":{"__id__":17},"_spriteFrame":{"__uuid__":"f0BIwQ8D5Ml7nTNQbh1YlS"},"_type":1,"_sizeMode":0},{"__type__":"cc.Button","node":{"__id__":17},"clickEvents":[{"__type__":"cc.ClickEvent","target":{"__id__":2},"_componentId":"c75adZ9acFOp7rn2akx/ZVI","handler":"onClickTest"}],"_N$transition":3,"transition":3,"_N$normalColor":{"__type__":"cc.Color","r":255,"g":255,"b":255},"_N$pressedColor":{"__type__":"cc.Color","r":255,"g":255,"b":255},"pressedColor":{"__type__":"cc.Color","r":255,"g":255,"b":255},"_N$disabledColor":{"__type__":"cc.Color","r":255,"g":255,"b":255},"_N$normalSprite":{"__uuid__":"f0BIwQ8D5Ml7nTNQbh1YlS"},"_N$pressedSprite":{"__uuid__":"e97GVMl6JHh5Ml5qEDdSGa"},"pressedSprite":{"__uuid__":"e97GVMl6JHh5Ml5qEDdSGa"},"_N$hoverSprite":{"__uuid__":"f0BIwQ8D5Ml7nTNQbh1YlS"},"hoverSprite":{"__uuid__":"f0BIwQ8D5Ml7nTNQbh1YlS"},"_N$disabledSprite":{"__uuid__":"29FYIk+N1GYaeWH/q1NxQO"},"_N$target":{"__id__":17}}],"_contentSize":{"__type__":"cc.Size","width":80,"height":80},"_position":{"__type__":"cc.Vec3","x":583,"y":312}},{"__type__":"cc.Node","_name":"Label","_parent":{"__id__":17},"_components":[{"__type__":"cc.Label","node":{"__id__":18},"_useOriginalSize":false,"_string":"测试\n关卡","_N$string":"测试\n关卡","_fontSize":36,"_lineHeight":36,"_enableWrapText":false,"_N$horizontalAlign":1,"_N$verticalAlign":1}],"_color":{"__type__":"cc.Color"},"_contentSize":{"__type__":"cc.Size","width":72,"height":72}},{"__type__":"cc.Node","_name":"New Button copy","_parent":{"__id__":2},"_children":[{"__id__":20}],"_level":1,"_components":[{"__type__":"cc.Sprite","node":{"__id__":19},"_spriteFrame":{"__uuid__":"f0BIwQ8D5Ml7nTNQbh1YlS"},"_type":1,"_sizeMode":0},{"__type__":"cc.Button","node":{"__id__":19},"clickEvents":[{"__type__":"cc.ClickEvent","target":{"__id__":2},"_componentId":"c75adZ9acFOp7rn2akx/ZVI","handler":"onClickClear"}],"_N$transition":3,"transition":3,"_N$normalColor":{"__type__":"cc.Color","r":255,"g":255,"b":255},"_N$pressedColor":{"__type__":"cc.Color","r":255,"g":255,"b":255},"pressedColor":{"__type__":"cc.Color","r":255,"g":255,"b":255},"_N$disabledColor":{"__type__":"cc.Color","r":255,"g":255,"b":255},"_N$normalSprite":{"__uuid__":"f0BIwQ8D5Ml7nTNQbh1YlS"},"_N$pressedSprite":{"__uuid__":"e97GVMl6JHh5Ml5qEDdSGa"},"pressedSprite":{"__uuid__":"e97GVMl6JHh5Ml5qEDdSGa"},"_N$hoverSprite":{"__uuid__":"f0BIwQ8D5Ml7nTNQbh1YlS"},"hoverSprite":{"__uuid__":"f0BIwQ8D5Ml7nTNQbh1YlS"},"_N$disabledSprite":{"__uuid__":"29FYIk+N1GYaeWH/q1NxQO"},"_N$target":{"__id__":19}}],"_contentSize":{"__type__":"cc.Size","width":80,"height":80},"_position":{"__type__":"cc.Vec3","x":488,"y":310.6}},{"__type__":"cc.Node","_name":"Label","_parent":{"__id__":19},"_components":[{"__type__":"cc.Label","node":{"__id__":20},"_useOriginalSize":false,"_string":"清空","_N$string":"清空","_fontSize":36,"_lineHeight":36,"_enableWrapText":false,"_N$horizontalAlign":1,"_N$verticalAlign":1}],"_color":{"__type__":"cc.Color"},"_contentSize":{"__type__":"cc.Size","width":72,"height":36}},{"__type__":"cc.Node","_name":"LayoutPatrol","_parent":{"__id__":2},"_children":[{"__id__":22},{"__id__":26},{"__id__":30}],"_level":1,"_components":[{"__type__":"cc.Sprite","node":{"__id__":21},"_spriteFrame":{"__uuid__":"9bvaMerUlDyary99mJa6xp"},"_type":1,"_sizeMode":0},{"__type__":"b3933VFwYBDcrq/PeDTRmOk","node":{"__id__":21}},{"__type__":"cc.Layout","node":{"__id__":21},"_layoutSize":{"__type__":"cc.Size","width":40,"height":128},"_resize":1,"_N$layoutType":2,"_N$spacingY":4},{"__type__":"cc.ToggleContainer","node":{"__id__":21},"checkEvents":[{"__type__":"cc.ClickEvent","target":{"__id__":21},"_componentId":"b3933VFwYBDcrq/PeDTRmOk","handler":"onChecked"}]}],"_color":{"__type__":"cc.Color","r":84,"g":151,"b":122},"_contentSize":{"__type__":"cc.Size","width":40,"height":128},"_position":{"__type__":"cc.Vec3","x":620,"y":198}},{"__type__":"cc.Node","_name":"0","_parent":{"__id__":21},"_children":[{"__id__":23},{"__id__":25}],"_level":2,"_components":[{"__type__":"cc.Toggle","node":{"__id__":22},"_N$transition":3,"transition":3,"_N$target":{"__id__":22},"checkMark":{"__id__":24}}],"_contentSize":{"__type__":"cc.Size","width":40,"height":40},"_position":{"__type__":"cc.Vec3","y":44}},{"__type__":"cc.Node","_name":"checkmark","_parent":{"__id__":22},"_level":1,"_components":[{"__id__":24}],"_color":{"__type__":"cc.Color","r":217,"g":97,"b":97},"_contentSize":{"__type__":"cc.Size","width":40,"height":40}},{"__type__":"cc.Sprite","node":{"__id__":23},"_spriteFrame":{"__uuid__":"a2MjXRFdtLlYQ5ouAFv/+R"},"_sizeMode":0},{"__type__":"cc.Node","_name":"New Label","_parent":{"__id__":22},"_level":1,"_components":[{"__type__":"cc.Label","node":{"__id__":25},"_useOriginalSize":false,"_string":"拐弯","_N$string":"拐弯","_fontSize":22,"_lineHeight":28,"_N$horizontalAlign":1,"_N$verticalAlign":1}],"_contentSize":{"__type__":"cc.Size","width":44,"height":28}},{"__type__":"cc.Node","_name":"1","_parent":{"__id__":21},"_children":[{"__id__":27},{"__id__":29}],"_level":2,"_components":[{"__type__":"cc.Toggle","node":{"__id__":26},"_N$transition":3,"transition":3,"_N$target":{"__id__":26},"_N$isChecked":false,"checkMark":{"__id__":28}}],"_contentSize":{"__type__":"cc.Size","width":40,"height":40}},{"__type__":"cc.Node","_name":"checkmark","_parent":{"__id__":26},"_active":false,"_level":1,"_components":[{"__id__":28}],"_color":{"__type__":"cc.Color","r":217,"g":97,"b":97},"_contentSize":{"__type__":"cc.Size","width":40,"height":40}},{"__type__":"cc.Sprite","node":{"__id__":27},"_spriteFrame":{"__uuid__":"a2MjXRFdtLlYQ5ouAFv/+R"},"_sizeMode":0},{"__type__":"cc.Node","_name":"New Label","_parent":{"__id__":26},"_level":1,"_components":[{"__type__":"cc.Label","node":{"__id__":29},"_useOriginalSize":false,"_string":"左右","_N$string":"左右","_fontSize":22,"_lineHeight":28,"_N$horizontalAlign":1,"_N$verticalAlign":1}],"_contentSize":{"__type__":"cc.Size","width":44,"height":28}},{"__type__":"cc.Node","_name":"2","_parent":{"__id__":21},"_children":[{"__id__":31},{"__id__":33}],"_level":2,"_components":[{"__type__":"cc.Toggle","node":{"__id__":30},"_N$transition":3,"transition":3,"_N$target":{"__id__":30},"_N$isChecked":false,"checkMark":{"__id__":32}}],"_contentSize":{"__type__":"cc.Size","width":40,"height":40},"_position":{"__type__":"cc.Vec3","y":-44}},{"__type__":"cc.Node","_name":"checkmark","_parent":{"__id__":30},"_active":false,"_level":1,"_components":[{"__id__":32}],"_color":{"__type__":"cc.Color","r":217,"g":97,"b":97},"_contentSize":{"__type__":"cc.Size","width":40,"height":40}},{"__type__":"cc.Sprite","node":{"__id__":31},"_spriteFrame":{"__uuid__":"a2MjXRFdtLlYQ5ouAFv/+R"},"_sizeMode":0},{"__type__":"cc.Node","_name":"New Label","_parent":{"__id__":30},"_level":1,"_components":[{"__type__":"cc.Label","node":{"__id__":33},"_useOriginalSize":false,"_string":"上下","_N$string":"上下","_fontSize":22,"_lineHeight":28,"_N$horizontalAlign":1,"_N$verticalAlign":1}],"_contentSize":{"__type__":"cc.Size","width":44,"height":28}},{"__type__":"cc.Node","_name":"LayoutSpeed","_parent":{"__id__":2},"_children":[{"__id__":35},{"__id__":39},{"__id__":43}],"_level":1,"_components":[{"__type__":"cc.Sprite","node":{"__id__":34},"_spriteFrame":{"__uuid__":"9bvaMerUlDyary99mJa6xp"},"_type":1,"_sizeMode":0},{"__type__":"cc.Layout","node":{"__id__":34},"_layoutSize":{"__type__":"cc.Size","width":40,"height":128},"_resize":1,"_N$layoutType":2,"_N$spacingY":4},{"__type__":"cc.ToggleContainer","node":{"__id__":34},"checkEvents":[{"__type__":"cc.ClickEvent","target":{"__id__":34},"_componentId":"03b26ZH6rlE2Kg31qCJV932","handler":"onChecked"}]},{"__type__":"03b26ZH6rlE2Kg31qCJV932","node":{"__id__":34}}],"_color":{"__type__":"cc.Color","r":84,"g":151,"b":122},"_contentSize":{"__type__":"cc.Size","width":40,"height":128},"_position":{"__type__":"cc.Vec3","x":620,"y":39}},{"__type__":"cc.Node","_name":"1","_parent":{"__id__":34},"_children":[{"__id__":36},{"__id__":38}],"_level":2,"_components":[{"__type__":"cc.Toggle","node":{"__id__":35},"_N$transition":3,"transition":3,"_N$target":{"__id__":35},"checkMark":{"__id__":37}}],"_contentSize":{"__type__":"cc.Size","width":40,"height":40},"_position":{"__type__":"cc.Vec3","y":44}},{"__type__":"cc.Node","_name":"checkmark","_parent":{"__id__":35},"_level":1,"_components":[{"__id__":37}],"_color":{"__type__":"cc.Color","r":217,"g":97,"b":97},"_contentSize":{"__type__":"cc.Size","width":40,"height":40}},{"__type__":"cc.Sprite","node":{"__id__":36},"_spriteFrame":{"__uuid__":"a2MjXRFdtLlYQ5ouAFv/+R"},"_sizeMode":0},{"__type__":"cc.Node","_name":"New Label","_parent":{"__id__":35},"_level":1,"_components":[{"__type__":"cc.Label","node":{"__id__":38},"_useOriginalSize":false,"_string":"1","_N$string":"1","_fontSize":22,"_lineHeight":28,"_N$horizontalAlign":1,"_N$verticalAlign":1}],"_contentSize":{"__type__":"cc.Size","width":12.24,"height":28}},{"__type__":"cc.Node","_name":"2","_parent":{"__id__":34},"_children":[{"__id__":40},{"__id__":42}],"_level":2,"_components":[{"__type__":"cc.Toggle","node":{"__id__":39},"_N$transition":3,"transition":3,"_N$target":{"__id__":39},"_N$isChecked":false,"checkMark":{"__id__":41}}],"_contentSize":{"__type__":"cc.Size","width":40,"height":40}},{"__type__":"cc.Node","_name":"checkmark","_parent":{"__id__":39},"_active":false,"_level":1,"_components":[{"__id__":41}],"_color":{"__type__":"cc.Color","r":217,"g":97,"b":97},"_contentSize":{"__type__":"cc.Size","width":40,"height":40}},{"__type__":"cc.Sprite","node":{"__id__":40},"_spriteFrame":{"__uuid__":"a2MjXRFdtLlYQ5ouAFv/+R"},"_sizeMode":0},{"__type__":"cc.Node","_name":"New Label","_parent":{"__id__":39},"_level":1,"_components":[{"__type__":"cc.Label","node":{"__id__":42},"_useOriginalSize":false,"_string":"2","_N$string":"2","_fontSize":22,"_lineHeight":28,"_N$horizontalAlign":1,"_N$verticalAlign":1}],"_contentSize":{"__type__":"cc.Size","width":12.24,"height":28}},{"__type__":"cc.Node","_name":"3","_parent":{"__id__":34},"_children":[{"__id__":44},{"__id__":46}],"_level":2,"_components":[{"__type__":"cc.Toggle","node":{"__id__":43},"_N$transition":3,"transition":3,"_N$target":{"__id__":43},"_N$isChecked":false,"checkMark":{"__id__":45}}],"_contentSize":{"__type__":"cc.Size","width":40,"height":40},"_position":{"__type__":"cc.Vec3","y":-44}},{"__type__":"cc.Node","_name":"checkmark","_parent":{"__id__":43},"_active":false,"_level":1,"_components":[{"__id__":45}],"_color":{"__type__":"cc.Color","r":217,"g":97,"b":97},"_contentSize":{"__type__":"cc.Size","width":40,"height":40}},{"__type__":"cc.Sprite","node":{"__id__":44},"_spriteFrame":{"__uuid__":"a2MjXRFdtLlYQ5ouAFv/+R"},"_sizeMode":0},{"__type__":"cc.Node","_name":"New Label","_parent":{"__id__":43},"_level":1,"_components":[{"__type__":"cc.Label","node":{"__id__":46},"_useOriginalSize":false,"_string":"3","_N$string":"3","_fontSize":22,"_lineHeight":28,"_N$horizontalAlign":1,"_N$verticalAlign":1}],"_contentSize":{"__type__":"cc.Size","width":12.24,"height":28}},{"__type__":"cc.Node","_name":"New Label","_parent":{"__id__":2},"_level":1,"_components":[{"__type__":"cc.Label","node":{"__id__":47},"_useOriginalSize":false,"_string":"说明：内部使用，不熟知规则可能会有未知问题","_N$string":"说明：内部使用，不熟知规则可能会有未知问题","_fontSize":36,"_lineHeight":36,"_N$horizontalAlign":1,"_N$verticalAlign":1}],"_color":{"__type__":"cc.Color","r":255},"_contentSize":{"__type__":"cc.Size","width":756,"height":36},"_position":{"__type__":"cc.Vec3","y":-350},"_scale":{"__type__":"cc.Vec3","x":0.5,"y":0.5,"z":1}}],{"__type__":"cc.SpriteFrame","content":{"name":"default_btn_pressed","texture":"b4P/PCArtIdIH38t6mlw8Y","rect":[0,0,40,40],"offset":[0,0],"originalSize":[40,40],"capInsets":[12,12,12,12]}},{"__type__":"cc.SpriteFrame","content":{"name":"default_btn_normal","texture":"e8Ueib+qJEhL6mXAHdnwbi","rect":[0,0,40,40],"offset":[0,0],"originalSize":[40,40],"capInsets":[12,12,12,12]}}]