[[{"__type__":"cc.Prefab","_name":"ItemStage","data":{"__id__":1}},{"__type__":"cc.Node","_name":"ItemStage","_children":[{"__id__":2},{"__id__":3}],"_level":1,"_components":[{"__type__":"330963oWDZC87pk8RtyDnG+","node":{"__id__":1},"label":{"__id__":4}},{"__type__":"cc.Button","node":{"__id__":1},"clickEvents":[{"__type__":"cc.ClickEvent","target":{"__id__":1},"_componentId":"330963oWDZC87pk8RtyDnG+","handler":"onClick"}]}],"_prefab":{"__type__":"cc.PrefabInfo","root":{"__id__":1},"asset":{"__uuid__":"2cpQZSos5F1Y4GSbD6Oc41"},"fileId":"18o7wwiUdOmKOsCntxhDxi"},"_contentSize":{"__type__":"cc.Size","width":200,"height":80},"_position":{"__type__":"cc.Vec3","x":-220,"y":100}},{"__type__":"cc.Node","_name":"stage_bg","_parent":{"__id__":1},"_level":4,"_components":[{"__type__":"cc.Sprite","node":{"__id__":2},"_spriteFrame":{"__uuid__":"bbHpBbW+5EB7sTQ3cwKrSF"},"_sizeMode":0},{"__type__":"cc.Widget","node":{"__id__":2},"_alignFlags":45,"_originalWidth":487,"_originalHeight":176}],"_prefab":{"__type__":"cc.PrefabInfo","root":{"__id__":1},"asset":{"__uuid__":"2cpQZSos5F1Y4GSbD6Oc41"},"fileId":"cbklaaJ5ZKEphG+ypcmyM8"},"_contentSize":{"__type__":"cc.Size","width":200,"height":80}},{"__type__":"cc.Node","_name":"New Label","_parent":{"__id__":1},"_level":4,"_components":[{"__id__":4}],"_prefab":{"__type__":"cc.PrefabInfo","root":{"__id__":1},"asset":{"__uuid__":"2cpQZSos5F1Y4GSbD6Oc41"},"fileId":"baEkPrYGNIeo2Tcz92mvCW"},"_contentSize":{"__type__":"cc.Size","width":53.39,"height":96},"_scale":{"__type__":"cc.Vec3","x":0.5,"y":0.5,"z":1}},{"__type__":"cc.Label","node":{"__id__":3},"_useOriginalSize":false,"_string":"1","_N$string":"1","_fontSize":96,"_lineHeight":96,"_N$horizontalAlign":1,"_N$verticalAlign":1}],{"__type__":"cc.SpriteFrame","content":{"name":"stage_bg","texture":"aausbGjz1JwoeiYWbQlzrm","rect":[12,5,487,176],"offset":[4,4],"originalSize":[503,194],"capInsets":[0,0,0,0]}}]