[[{"__type__":"cc.Prefab","_name":"Box","data":{"__id__":1}},{"__type__":"cc.Node","_name":"Box","_children":[{"__id__":2},{"__id__":3},{"__id__":5},{"__id__":6},{"__id__":7},{"__id__":8}],"_level":1,"_components":[{"__type__":"cc.Sprite","node":{"__id__":1},"_enabled":false,"_spriteFrame":{"__uuid__":"a2MjXRFdtLlYQ5ouAFv/+R"},"_sizeMode":0},{"__type__":"cc.BoxCollider","node":{"__id__":1},"_size":{"__type__":"cc.Size","width":49.8,"height":49.8}},{"__type__":"d70dbJ99LtAVrq9oxTzjZH7","node":{"__id__":1},"sprite":{"__id__":4}}],"_prefab":{"__type__":"cc.PrefabInfo","root":{"__id__":1},"asset":{"__uuid__":"98dx8JgslD3pLlKhOSPLWR"},"fileId":"4bLU4y8vNI059xuGAR668z"},"_contentSize":{"__type__":"cc.Size","width":50,"height":50}},{"__type__":"cc.Node","_name":"bg","_parent":{"__id__":1},"_level":2,"_components":[{"__type__":"cc.Sprite","node":{"__id__":2},"_sizeMode":0,"_isTrimmedMode":false},{"__type__":"cc.Widget","node":{"__id__":2},"_enabled":false,"alignMode":2,"_alignFlags":45,"_originalWidth":100,"_originalHeight":100}],"_prefab":{"__type__":"cc.PrefabInfo","root":{"__id__":1},"asset":{"__uuid__":"98dx8JgslD3pLlKhOSPLWR"},"fileId":"73yFYGDZ9G0LdU6bsRz4uo"},"_opacity":200,"_contentSize":{"__type__":"cc.Size","width":50,"height":50}},{"__type__":"cc.Node","_name":"New Sprite(Splash)","_parent":{"__id__":1},"_level":2,"_components":[{"__id__":4},{"__type__":"cc.Widget","node":{"__id__":3},"alignMode":2,"_alignFlags":45,"_originalWidth":100,"_originalHeight":100}],"_prefab":{"__type__":"cc.PrefabInfo","root":{"__id__":1},"asset":{"__uuid__":"98dx8JgslD3pLlKhOSPLWR"},"fileId":"adiYs/WOVAoYmW8aVtN2ZJ"},"_contentSize":{"__type__":"cc.Size","width":50,"height":50}},{"__type__":"cc.Sprite","node":{"__id__":3},"_sizeMode":0,"_isTrimmedMode":false},{"__type__":"cc.Node","_name":"0","_parent":{"__id__":1},"_level":2,"_components":[{"__type__":"cc.Sprite","node":{"__id__":5},"_sizeMode":0,"_isTrimmedMode":false},{"__type__":"cc.Widget","node":{"__id__":5},"alignMode":2,"_alignFlags":45,"_originalWidth":100,"_originalHeight":100}],"_prefab":{"__type__":"cc.PrefabInfo","root":{"__id__":1},"asset":{"__uuid__":"98dx8JgslD3pLlKhOSPLWR"},"fileId":"07tl34F21LCZi0BbXn5NRR"},"_contentSize":{"__type__":"cc.Size","width":50,"height":50},"_rotationX":270,"_rotationY":270,"_quat":{"__type__":"cc.Quat","z":-0.7071067811865476,"w":-0.7071067811865475}},{"__type__":"cc.Node","_name":"1","_parent":{"__id__":1},"_level":2,"_components":[{"__type__":"cc.Sprite","node":{"__id__":6},"_sizeMode":0,"_isTrimmedMode":false},{"__type__":"cc.Widget","node":{"__id__":6},"alignMode":2,"_alignFlags":45,"_originalWidth":100,"_originalHeight":100}],"_prefab":{"__type__":"cc.PrefabInfo","root":{"__id__":1},"asset":{"__uuid__":"98dx8JgslD3pLlKhOSPLWR"},"fileId":"19Qv35yshPaZdkyINIW24u"},"_contentSize":{"__type__":"cc.Size","width":50,"height":50}},{"__type__":"cc.Node","_name":"2","_parent":{"__id__":1},"_level":2,"_components":[{"__type__":"cc.Sprite","node":{"__id__":7},"_sizeMode":0,"_isTrimmedMode":false},{"__type__":"cc.Widget","node":{"__id__":7},"alignMode":2,"_alignFlags":45,"_originalWidth":100,"_originalHeight":100}],"_prefab":{"__type__":"cc.PrefabInfo","root":{"__id__":1},"asset":{"__uuid__":"98dx8JgslD3pLlKhOSPLWR"},"fileId":"caaB3WJqBJWKN6uM+qoAkG"},"_contentSize":{"__type__":"cc.Size","width":50,"height":50},"_rotationX":90,"_rotationY":90,"_quat":{"__type__":"cc.Quat","z":-0.7071067811865475,"w":0.7071067811865476}},{"__type__":"cc.Node","_name":"3","_parent":{"__id__":1},"_level":2,"_components":[{"__type__":"cc.Sprite","node":{"__id__":8},"_sizeMode":0,"_isTrimmedMode":false},{"__type__":"cc.Widget","node":{"__id__":8},"alignMode":2,"_alignFlags":45,"_originalWidth":100,"_originalHeight":100}],"_prefab":{"__type__":"cc.PrefabInfo","root":{"__id__":1},"asset":{"__uuid__":"98dx8JgslD3pLlKhOSPLWR"},"fileId":"b21il6JHFDdrxJXJ9L4Mvy"},"_contentSize":{"__type__":"cc.Size","width":50,"height":50},"_rotationX":180,"_rotationY":180,"_quat":{"__type__":"cc.Quat","z":-1,"w":6.123233995736766e-17}}],{"__type__":"cc.SpriteFrame","content":{"name":"default_sprite_splash","texture":"02delMVqdBD70a/HSD99FK","rect":[0,0,2,2],"offset":[0,0],"originalSize":[2,2],"capInsets":[0,0,0,0]}}]